<?xml version="1.0" encoding="utf-8" standalone="yes"?>
<rss version="2.0" xmlns:atom="http://www.w3.org/2005/Atom">
  <channel>
    <title>Categories on MingHe&#39; Blog</title>
    <link>http://example.org/categories/</link>
    <description>Recent content in Categories on MingHe&#39; Blog</description>
    <generator>Hugo -- gohugo.io</generator>
    <language>en-us</language><atom:link href="http://example.org/categories/index.xml" rel="self" type="application/rss+xml" />
  </channel>
</rss>
